drug1.conc,drug2.conc,effect,batch,drug1,drug2,sample,expt.date,drug1.units,drug2.units,effect.95ci
0.0,0.0,0.8914369396699439,0,d1,d2,cell_line,00-00-0000,uM,uM,0.1
0.001,0.0,1.0991351440589578,0,d1,d2,cell_line,00-00-0000,uM,uM,0.1
0.01,0.0,1.0223572557457932,0,d1,d2,cell_line,00-00-0000,uM,uM,0.1
0.1,0.0,0.7948250740627363,0,d1,d2,cell_line,00-00-0000,uM,uM,0.1
1.0,0.0,0.6421399748031463,0,d1,d2,cell_line,00-00-0000,uM,uM,0.1
10.0,0.0,0.6196891082551697,0,d1,d2,cell_line,00-00-0000,uM,uM,0.1
100.0,0.0,0.16327266972009855,0,d1,d2,cell_line,00-00-0000,uM,uM,0.1
1000.0,0.0,0.35770813771378296,0,d1,d2,cell_line,00-00-0000,uM,uM,0.1
0.0,0.001,1.1259942252711528,0,d1,d2,cell_line,00-00-0000,uM,uM,0.1
0.001,0.001,0.9121233454254535,0,d1,d2,cell_line,00-00-0000,uM,uM,0.1
0.01,0.001,0.9255337906171612,0,d1,d2,cell_line,00-00-0000,uM,uM,0.1
0.1,0.001,0.9350550017631486,0,d1,d2,cell_line,00-00-0000,uM,uM,0.1
1.0,0.001,0.8471537792610674,0,d1,d2,cell_line,00-00-0000,uM,uM,0.1
10.0,0.001,0.387907692029985,0,d1,d2,cell_line,00-00-0000,uM,uM,0.1
100.0,0.001,0.35789092698985586,0,d1,d2,cell_line,00-00-0000,uM,uM,0.1
1000.0,0.001,0.353240327803262,0,d1,d2,cell_line,00-00-0000,uM,uM,0.1
0.0,0.01,1.2146524142131396,0,d1,d2,cell_line,00-00-0000,uM,uM,0.1
0.001,0.01,1.2121031106314017,0,d1,d2,cell_line,00-00-0000,uM,uM,0.1
0.01,0.01,1.0881742290589433,0,d1,d2,cell_line,00-00-0000,uM,uM,0.1
0.1,0.01,0.9750768448309536,0,d1,d2,cell_line,00-00-0000,uM,uM,0.1
1.0,0.01,0.7551248702079207,0,d1,d2,cell_line,00-00-0000,uM,uM,0.1
10.0,0.01,0.578280219582276,0,d1,d2,cell_line,00-00-0000,uM,uM,0.1
100.0,0.01,0.27880785827827875,0,d1,d2,cell_line,00-00-0000,uM,uM,0.1
1000.0,0.01,0.48215075451476425,0,d1,d2,cell_line,00-00-0000,uM,uM,0.1
0.0,0.1,0.8200664786796442,0,d1,d2,cell_line,00-00-0000,uM,uM,0.1
0.001,0.1,0.8808922360459135,0,d1,d2,cell_line,00-00-0000,uM,uM,0.1
0.01,0.1,1.0283770705239685,0,d1,d2,cell_line,00-00-0000,uM,uM,0.1
0.1,0.1,0.7321790363031097,0,d1,d2,cell_line,00-00-0000,uM,uM,0.1
1.0,0.1,0.5710521057006616,0,d1,d2,cell_line,00-00-0000,uM,uM,0.1
10.0,0.1,0.2258988138196042,0,d1,d2,cell_line,00-00-0000,uM,uM,0.1
100.0,0.1,0.1952384602485999,0,d1,d2,cell_line,00-00-0000,uM,uM,0.1
1000.0,0.1,-0.07750525242169973,0,d1,d2,cell_line,00-00-0000,uM,uM,0.1
0.0,1.0,0.5228466895490153,0,d1,d2,cell_line,00-00-0000,uM,uM,0.1
0.001,1.0,0.6295389556609223,0,d1,d2,cell_line,00-00-0000,uM,uM,0.1
0.01,1.0,0.7880513030711832,0,d1,d2,cell_line,00-00-0000,uM,uM,0.1
0.1,1.0,0.639194648948874,0,d1,d2,cell_line,00-00-0000,uM,uM,0.1
1.0,1.0,0.4502845915896811,0,d1,d2,cell_line,00-00-0000,uM,uM,0.1
10.0,1.0,0.26010292506118216,0,d1,d2,cell_line,00-00-0000,uM,uM,0.1
100.0,1.0,-0.019749350940114416,0,d1,d2,cell_line,00-00-0000,uM,uM,0.1
1000.0,1.0,0.06838395510898918,0,d1,d2,cell_line,00-00-0000,uM,uM,0.1
0.0,10.0,0.3740088027388929,0,d1,d2,cell_line,00-00-0000,uM,uM,0.1
0.001,10.0,0.2816921365433085,0,d1,d2,cell_line,00-00-0000,uM,uM,0.1
0.01,10.0,0.41459352707417346,0,d1,d2,cell_line,00-00-0000,uM,uM,0.1
0.1,10.0,0.5034764586443267,0,d1,d2,cell_line,00-00-0000,uM,uM,0.1
1.0,10.0,0.41774694297771303,0,d1,d2,cell_line,00-00-0000,uM,uM,0.1
10.0,10.0,0.1780166412538385,0,d1,d2,cell_line,00-00-0000,uM,uM,0.1
100.0,10.0,0.27726507818885904,0,d1,d2,cell_line,00-00-0000,uM,uM,0.1
1000.0,10.0,0.049153614353566244,0,d1,d2,cell_line,00-00-0000,uM,uM,0.1
0.0,100.0,0.5038141946531406,0,d1,d2,cell_line,00-00-0000,uM,uM,0.1
0.001,100.0,0.6297107107255224,0,d1,d2,cell_line,00-00-0000,uM,uM,0.1
0.01,100.0,0.2760903260730574,0,d1,d2,cell_line,00-00-0000,uM,uM,0.1
0.1,100.0,0.29768756411199565,0,d1,d2,cell_line,00-00-0000,uM,uM,0.1
1.0,100.0,0.5404619604129357,0,d1,d2,cell_line,00-00-0000,uM,uM,0.1
10.0,100.0,0.11521777231205367,0,d1,d2,cell_line,00-00-0000,uM,uM,0.1
100.0,100.0,0.03854008710724288,0,d1,d2,cell_line,00-00-0000,uM,uM,0.1
1000.0,100.0,0.111262087948661,0,d1,d2,cell_line,00-00-0000,uM,uM,0.1
0.0,1000.0,0.48967003972871764,0,d1,d2,cell_line,00-00-0000,uM,uM,0.1
0.001,1000.0,0.5760476062385317,0,d1,d2,cell_line,00-00-0000,uM,uM,0.1
0.01,1000.0,0.5497600553582489,0,d1,d2,cell_line,00-00-0000,uM,uM,0.1
0.1,1000.0,0.503537380039407,0,d1,d2,cell_line,00-00-0000,uM,uM,0.1
1.0,1000.0,0.28661643340736215,0,d1,d2,cell_line,00-00-0000,uM,uM,0.1
10.0,1000.0,0.2789156464598609,0,d1,d2,cell_line,00-00-0000,uM,uM,0.1
100.0,1000.0,0.06760826792899571,0,d1,d2,cell_line,00-00-0000,uM,uM,0.1
1000.0,1000.0,-0.1286411025633818,0,d1,d2,cell_line,00-00-0000,uM,uM,0.1
0.0,0.0,1.1417299046476852,0,d1,d2,cell_line,00-00-0000,uM,uM,0.1
0.001,0.0,1.080124252858456,0,d1,d2,cell_line,00-00-0000,uM,uM,0.1
0.01,0.0,0.9986084140037038,0,d1,d2,cell_line,00-00-0000,uM,uM,0.1
0.1,0.0,0.9221453393561041,0,d1,d2,cell_line,00-00-0000,uM,uM,0.1
1.0,0.0,0.5801698855299212,0,d1,d2,cell_line,00-00-0000,uM,uM,0.1
10.0,0.0,0.4744978619013178,0,d1,d2,cell_line,00-00-0000,uM,uM,0.1
100.0,0.0,0.4527845060039704,0,d1,d2,cell_line,00-00-0000,uM,uM,0.1
1000.0,0.0,0.3174839021750728,0,d1,d2,cell_line,00-00-0000,uM,uM,0.1
0.0,0.001,1.1156210043105523,0,d1,d2,cell_line,00-00-0000,uM,uM,0.1
0.001,0.001,0.8890770810036602,0,d1,d2,cell_line,00-00-0000,uM,uM,0.1
0.01,0.001,0.7811123707751225,0,d1,d2,cell_line,00-00-0000,uM,uM,0.1
0.1,0.001,1.0484986077461078,0,d1,d2,cell_line,00-00-0000,uM,uM,0.1
1.0,0.001,0.6576782128384279,0,d1,d2,cell_line,00-00-0000,uM,uM,0.1
10.0,0.001,0.4391949331671486,0,d1,d2,cell_line,00-00-0000,uM,uM,0.1
100.0,0.001,0.31853745067195705,0,d1,d2,cell_line,00-00-0000,uM,uM,0.1
1000.0,0.001,0.23607917929337344,0,d1,d2,cell_line,00-00-0000,uM,uM,0.1
0.0,0.01,1.119583143413016,0,d1,d2,cell_line,00-00-0000,uM,uM,0.1
0.001,0.01,0.9245376033493309,0,d1,d2,cell_line,00-00-0000,uM,uM,0.1
0.01,0.01,1.1538640880858497,0,d1,d2,cell_line,00-00-0000,uM,uM,0.1
0.1,0.01,1.0171890235345409,0,d1,d2,cell_line,00-00-0000,uM,uM,0.1
1.0,0.01,0.6499121979465505,0,d1,d2,cell_line,00-00-0000,uM,uM,0.1
10.0,0.01,0.32061677665450944,0,d1,d2,cell_line,00-00-0000,uM,uM,0.1
100.0,0.01,0.2991450464464722,0,d1,d2,cell_line,00-00-0000,uM,uM,0.1
1000.0,0.01,0.24331553692703695,0,d1,d2,cell_line,00-00-0000,uM,uM,0.1
0.0,0.1,1.154165881413364,0,d1,d2,cell_line,00-00-0000,uM,uM,0.1
0.001,0.1,0.961111509314237,0,d1,d2,cell_line,00-00-0000,uM,uM,0.1
0.01,0.1,1.0526871051986015,0,d1,d2,cell_line,00-00-0000,uM,uM,0.1
0.1,0.1,0.7483119014246838,0,d1,d2,cell_line,00-00-0000,uM,uM,0.1
1.0,0.1,0.6031624906792286,0,d1,d2,cell_line,00-00-0000,uM,uM,0.1
10.0,0.1,0.42986049728643055,0,d1,d2,cell_line,00-00-0000,uM,uM,0.1
100.0,0.1,0.187299321108358,0,d1,d2,cell_line,00-00-0000,uM,uM,0.1
1000.0,0.1,0.3054651040165469,0,d1,d2,cell_line,00-00-0000,uM,uM,0.1
0.0,1.0,0.5915432087994232,0,d1,d2,cell_line,00-00-0000,uM,uM,0.1
0.001,1.0,0.5631795246588557,0,d1,d2,cell_line,00-00-0000,uM,uM,0.1
0.01,1.0,0.7332451211031386,0,d1,d2,cell_line,00-00-0000,uM,uM,0.1
0.1,1.0,0.6186405737706404,0,d1,d2,cell_line,00-00-0000,uM,uM,0.1
1.0,1.0,0.5142054689271831,0,d1,d2,cell_line,00-00-0000,uM,uM,0.1
10.0,1.0,-0.006508139201091223,0,d1,d2,cell_line,00-00-0000,uM,uM,0.1
100.0,1.0,0.1394307469078426,0,d1,d2,cell_line,00-00-0000,uM,uM,0.1
1000.0,1.0,0.29985161545519157,0,d1,d2,cell_line,00-00-0000,uM,uM,0.1
0.0,10.0,0.45208285640230644,0,d1,d2,cell_line,00-00-0000,uM,uM,0.1
0.001,10.0,0.45787329884635336,0,d1,d2,cell_line,00-00-0000,uM,uM,0.1
0.01,10.0,0.4716384549135515,0,d1,d2,cell_line,00-00-0000,uM,uM,0.1
0.1,10.0,0.25989830132464214,0,d1,d2,cell_line,00-00-0000,uM,uM,0.1
1.0,10.0,0.42650270184676387,0,d1,d2,cell_line,00-00-0000,uM,uM,0.1
10.0,10.0,0.018658716300124,0,d1,d2,cell_line,00-00-0000,uM,uM,0.1
100.0,10.0,-0.004739408217293968,0,d1,d2,cell_line,00-00-0000,uM,uM,0.1
1000.0,10.0,0.13214935328306207,0,d1,d2,cell_line,00-00-0000,uM,uM,0.1
0.0,100.0,0.3324188984493983,0,d1,d2,cell_line,00-00-0000,uM,uM,0.1
0.001,100.0,0.4560212758324671,0,d1,d2,cell_line,00-00-0000,uM,uM,0.1
0.01,100.0,0.5067727637848193,0,d1,d2,cell_line,00-00-0000,uM,uM,0.1
0.1,100.0,0.42944047074209096,0,d1,d2,cell_line,00-00-0000,uM,uM,0.1
1.0,100.0,0.22899589089118177,0,d1,d2,cell_line,00-00-0000,uM,uM,0.1
10.0,100.0,0.16177651830101852,0,d1,d2,cell_line,00-00-0000,uM,uM,0.1
100.0,100.0,0.23151289831573846,0,d1,d2,cell_line,00-00-0000,uM,uM,0.1
1000.0,100.0,-0.19817408529352096,0,d1,d2,cell_line,00-00-0000,uM,uM,0.1
0.0,1000.0,0.373020799212783,0,d1,d2,cell_line,00-00-0000,uM,uM,0.1
0.001,1000.0,0.34534818089160996,0,d1,d2,cell_line,00-00-0000,uM,uM,0.1
0.01,1000.0,0.41227037796461585,0,d1,d2,cell_line,00-00-0000,uM,uM,0.1
0.1,1000.0,0.47141967478755636,0,d1,d2,cell_line,00-00-0000,uM,uM,0.1
1.0,1000.0,0.5247564016342867,0,d1,d2,cell_line,00-00-0000,uM,uM,0.1
10.0,1000.0,0.17240614047962324,0,d1,d2,cell_line,00-00-0000,uM,uM,0.1
100.0,1000.0,0.11741520147599105,0,d1,d2,cell_line,00-00-0000,uM,uM,0.1
1000.0,1000.0,0.05395945791718111,0,d1,d2,cell_line,00-00-0000,uM,uM,0.1
0.0,0.0,1.04743472978718,0,d1,d2,cell_line,00-00-0000,uM,uM,0.1
0.001,0.0,0.9430082062479521,0,d1,d2,cell_line,00-00-0000,uM,uM,0.1
0.01,0.0,0.894327259063004,0,d1,d2,cell_line,00-00-0000,uM,uM,0.1
0.1,0.0,0.8354502341924757,0,d1,d2,cell_line,00-00-0000,uM,uM,0.1
1.0,0.0,0.6243562790600876,0,d1,d2,cell_line,00-00-0000,uM,uM,0.1
10.0,0.0,0.4867141121320772,0,d1,d2,cell_line,00-00-0000,uM,uM,0.1
100.0,0.0,0.4820355333722389,0,d1,d2,cell_line,00-00-0000,uM,uM,0.1
1000.0,0.0,0.4329462853850902,0,d1,d2,cell_line,00-00-0000,uM,uM,0.1
0.0,0.001,0.9445050897810253,0,d1,d2,cell_line,00-00-0000,uM,uM,0.1
0.001,0.001,1.1793943966452112,0,d1,d2,cell_line,00-00-0000,uM,uM,0.1
0.01,0.001,1.1453089681425208,0,d1,d2,cell_line,00-00-0000,uM,uM,0.1
0.1,0.001,0.9091258873818203,0,d1,d2,cell_line,00-00-0000,uM,uM,0.1
1.0,0.001,0.615671676050072,0,d1,d2,cell_line,00-00-0000,uM,uM,0.1
10.0,0.001,0.46481938711424703,0,d1,d2,cell_line,00-00-0000,uM,uM,0.1
100.0,0.001,0.5290189874598977,0,d1,d2,cell_line,00-00-0000,uM,uM,0.1
1000.0,0.001,0.4299519530905254,0,d1,d2,cell_line,00-00-0000,uM,uM,0.1
0.0,0.01,1.0497142764315985,0,d1,d2,cell_line,00-00-0000,uM,uM,0.1
0.001,0.01,0.9722164895064606,0,d1,d2,cell_line,00-00-0000,uM,uM,0.1
0.01,0.01,1.0333959287912786,0,d1,d2,cell_line,00-00-0000,uM,uM,0.1
0.1,0.01,1.0909126500590818,0,d1,d2,cell_line,00-00-0000,uM,uM,0.1
1.0,0.01,0.6574211344705254,0,d1,d2,cell_line,00-00-0000,uM,uM,0.1
10.0,0.01,0.4435377900179833,0,d1,d2,cell_line,00-00-0000,uM,uM,0.1
100.0,0.01,0.39777289277348066,0,d1,d2,cell_line,00-00-0000,uM,uM,0.1
1000.0,0.01,0.39294038561365763,0,d1,d2,cell_line,00-00-0000,uM,uM,0.1
0.0,0.1,0.8042656578474227,0,d1,d2,cell_line,00-00-0000,uM,uM,0.1
0.001,0.1,0.756980520703865,0,d1,d2,cell_line,00-00-0000,uM,uM,0.1
0.01,0.1,0.8357010438517545,0,d1,d2,cell_line,00-00-0000,uM,uM,0.1
0.1,0.1,0.8918413358658734,0,d1,d2,cell_line,00-00-0000,uM,uM,0.1
1.0,0.1,0.6404445943198493,0,d1,d2,cell_line,00-00-0000,uM,uM,0.1
10.0,0.1,0.25900684742821034,0,d1,d2,cell_line,00-00-0000,uM,uM,0.1
100.0,0.1,0.35852614558839024,0,d1,d2,cell_line,00-00-0000,uM,uM,0.1
1000.0,0.1,0.188036060691754,0,d1,d2,cell_line,00-00-0000,uM,uM,0.1
0.0,1.0,0.7020315998234624,0,d1,d2,cell_line,00-00-0000,uM,uM,0.1
0.001,1.0,0.6801302920654478,0,d1,d2,cell_line,00-00-0000,uM,uM,0.1
0.01,1.0,0.7087077391699915,0,d1,d2,cell_line,00-00-0000,uM,uM,0.1
0.1,1.0,0.727005624632256,0,d1,d2,cell_line,00-00-0000,uM,uM,0.1
1.0,1.0,0.5165653437912331,0,d1,d2,cell_line,00-00-0000,uM,uM,0.1
10.0,1.0,0.10143835988999465,0,d1,d2,cell_line,00-00-0000,uM,uM,0.1
100.0,1.0,0.22057066100864353,0,d1,d2,cell_line,00-00-0000,uM,uM,0.1
1000.0,1.0,-0.06948142301443169,0,d1,d2,cell_line,00-00-0000,uM,uM,0.1
0.0,10.0,0.4624681559545158,0,d1,d2,cell_line,00-00-0000,uM,uM,0.1
0.001,10.0,0.42701942860313397,0,d1,d2,cell_line,00-00-0000,uM,uM,0.1
0.01,10.0,0.3487843387178349,0,d1,d2,cell_line,00-00-0000,uM,uM,0.1
0.1,10.0,0.4385838136064377,0,d1,d2,cell_line,00-00-0000,uM,uM,0.1
1.0,10.0,0.30980666054849304,0,d1,d2,cell_line,00-00-0000,uM,uM,0.1
10.0,10.0,0.1864904150293257,0,d1,d2,cell_line,00-00-0000,uM,uM,0.1
100.0,10.0,0.07833714771702317,0,d1,d2,cell_line,00-00-0000,uM,uM,0.1
1000.0,10.0,0.15505533522001552,0,d1,d2,cell_line,00-00-0000,uM,uM,0.1
0.0,100.0,0.4366790159221474,0,d1,d2,cell_line,00-00-0000,uM,uM,0.1
0.001,100.0,0.3447738428452446,0,d1,d2,cell_line,00-00-0000,uM,uM,0.1
0.01,100.0,0.3663368773172221,0,d1,d2,cell_line,00-00-0000,uM,uM,0.1
0.1,100.0,0.4155641957439474,0,d1,d2,cell_line,00-00-0000,uM,uM,0.1
1.0,100.0,0.3754368208468577,0,d1,d2,cell_line,00-00-0000,uM,uM,0.1
10.0,100.0,0.340982972659002,0,d1,d2,cell_line,00-00-0000,uM,uM,0.1
100.0,100.0,0.17510705705260532,0,d1,d2,cell_line,00-00-0000,uM,uM,0.1
1000.0,100.0,-0.031563101617999995,0,d1,d2,cell_line,00-00-0000,uM,uM,0.1
0.0,1000.0,0.3457351877807807,0,d1,d2,cell_line,00-00-0000,uM,uM,0.1
0.001,1000.0,0.1448535276336349,0,d1,d2,cell_line,00-00-0000,uM,uM,0.1
0.01,1000.0,0.34530360032268,0,d1,d2,cell_line,00-00-0000,uM,uM,0.1
0.1,1000.0,0.2987923424604049,0,d1,d2,cell_line,00-00-0000,uM,uM,0.1
1.0,1000.0,0.3284048590225994,0,d1,d2,cell_line,00-00-0000,uM,uM,0.1
10.0,1000.0,0.23858780391555018,0,d1,d2,cell_line,00-00-0000,uM,uM,0.1
100.0,1000.0,0.05390030139820779,0,d1,d2,cell_line,00-00-0000,uM,uM,0.1
1000.0,1000.0,0.0009886427259095873,0,d1,d2,cell_line,00-00-0000,uM,uM,0.1
0.0,0.0,1.001995821110885,1,d1,d2,cell_line,00-00-0000,uM,uM,0.01
0.001,0.0,0.9981394216682894,1,d1,d2,cell_line,00-00-0000,uM,uM,0.01
0.01,0.0,0.9960295952660289,1,d1,d2,cell_line,00-00-0000,uM,uM,0.01
0.1,0.0,0.9131439953753523,1,d1,d2,cell_line,00-00-0000,uM,uM,0.01
1.0,0.0,0.6973070651024924,1,d1,d2,cell_line,00-00-0000,uM,uM,0.01
10.0,0.0,0.45343694733492446,1,d1,d2,cell_line,00-00-0000,uM,uM,0.01
100.0,0.0,0.4025279768973401,1,d1,d2,cell_line,00-00-0000,uM,uM,0.01
1000.0,0.0,0.3984199379783713,1,d1,d2,cell_line,00-00-0000,uM,uM,0.01
0.0,0.001,1.0064337005786668,1,d1,d2,cell_line,00-00-0000,uM,uM,0.01
0.001,0.001,0.9928163323385554,1,d1,d2,cell_line,00-00-0000,uM,uM,0.01
0.01,0.001,1.015429426771538,1,d1,d2,cell_line,00-00-0000,uM,uM,0.01
0.1,0.001,0.9514088679590585,1,d1,d2,cell_line,00-00-0000,uM,uM,0.01
1.0,0.001,0.6979517441394999,1,d1,d2,cell_line,00-00-0000,uM,uM,0.01
10.0,0.001,0.4497312686664744,1,d1,d2,cell_line,00-00-0000,uM,uM,0.01
100.0,0.001,0.40142390009064105,1,d1,d2,cell_line,00-00-0000,uM,uM,0.01
1000.0,0.001,0.38752238466567396,1,d1,d2,cell_line,00-00-0000,uM,uM,0.01
0.0,0.01,0.993107380548014,1,d1,d2,cell_line,00-00-0000,uM,uM,0.01
0.001,0.01,0.9962113369012936,1,d1,d2,cell_line,00-00-0000,uM,uM,0.01
0.01,0.01,0.993564255426788,1,d1,d2,cell_line,00-00-0000,uM,uM,0.01
0.1,0.01,0.9422551027049113,1,d1,d2,cell_line,00-00-0000,uM,uM,0.01
1.0,0.01,0.6786392371526372,1,d1,d2,cell_line,00-00-0000,uM,uM,0.01
10.0,0.01,0.41504619424197675,1,d1,d2,cell_line,00-00-0000,uM,uM,0.01
100.0,0.01,0.3657002188561834,1,d1,d2,cell_line,00-00-0000,uM,uM,0.01
1000.0,0.01,0.3806897804646778,1,d1,d2,cell_line,00-00-0000,uM,uM,0.01
0.0,0.1,0.954415128588645,1,d1,d2,cell_line,00-00-0000,uM,uM,0.01
0.001,0.1,0.9483635821542962,1,d1,d2,cell_line,00-00-0000,uM,uM,0.01
0.01,0.1,0.9300536084963371,1,d1,d2,cell_line,00-00-0000,uM,uM,0.01
0.1,0.1,0.8750835578754443,1,d1,d2,cell_line,00-00-0000,uM,uM,0.01
1.0,0.1,0.5725022908629034,1,d1,d2,cell_line,00-00-0000,uM,uM,0.01
10.0,0.1,0.306554934648612,1,d1,d2,cell_line,00-00-0000,uM,uM,0.01
100.0,0.1,0.21834836388480763,1,d1,d2,cell_line,00-00-0000,uM,uM,0.01
1000.0,0.1,0.19873725880572057,1,d1,d2,cell_line,00-00-0000,uM,uM,0.01
0.0,1.0,0.7095660193105601,1,d1,d2,cell_line,00-00-0000,uM,uM,0.01
0.001,1.0,0.6853394199803595,1,d1,d2,cell_line,00-00-0000,uM,uM,0.01
0.01,1.0,0.6866507371801734,1,d1,d2,cell_line,00-00-0000,uM,uM,0.01
0.1,1.0,0.6428113375176735,1,d1,d2,cell_line,00-00-0000,uM,uM,0.01
1.0,1.0,0.4376264678731215,1,d1,d2,cell_line,00-00-0000,uM,uM,0.01
10.0,1.0,0.19252121291542015,1,d1,d2,cell_line,00-00-0000,uM,uM,0.01
100.0,1.0,0.05219987803022806,1,d1,d2,cell_line,00-00-0000,uM,uM,0.01
1000.0,1.0,0.04755991051663643,1,d1,d2,cell_line,00-00-0000,uM,uM,0.01
0.0,10.0,0.4520772967760438,1,d1,d2,cell_line,00-00-0000,uM,uM,0.01
0.001,10.0,0.455146969280629,1,d1,d2,cell_line,00-00-0000,uM,uM,0.01
0.01,10.0,0.4569092738296556,1,d1,d2,cell_line,00-00-0000,uM,uM,0.01
0.1,10.0,0.441754207201305,1,d1,d2,cell_line,00-00-0000,uM,uM,0.01
1.0,10.0,0.39421283503526666,1,d1,d2,cell_line,00-00-0000,uM,uM,0.01
10.0,10.0,0.17725626343444414,1,d1,d2,cell_line,00-00-0000,uM,uM,0.01
100.0,10.0,0.04396925414747717,1,d1,d2,cell_line,00-00-0000,uM,uM,0.01
1000.0,10.0,0.0058712744951158365,1,d1,d2,cell_line,00-00-0000,uM,uM,0.01
0.0,100.0,0.4088493379336552,1,d1,d2,cell_line,00-00-0000,uM,uM,0.01
0.001,100.0,0.4086930035773067,1,d1,d2,cell_line,00-00-0000,uM,uM,0.01
0.01,100.0,0.40799855778373756,1,d1,d2,cell_line,00-00-0000,uM,uM,0.01
0.1,100.0,0.3918233066362818,1,d1,d2,cell_line,00-00-0000,uM,uM,0.01
1.0,100.0,0.37044949560611695,1,d1,d2,cell_line,00-00-0000,uM,uM,0.01
10.0,100.0,0.19183447594516398,1,d1,d2,cell_line,00-00-0000,uM,uM,0.01
100.0,100.0,0.04187664438180904,1,d1,d2,cell_line,00-00-0000,uM,uM,0.01
1000.0,100.0,-0.0171944434378969,1,d1,d2,cell_line,00-00-0000,uM,uM,0.01
0.0,1000.0,0.38594823837885106,1,d1,d2,cell_line,00-00-0000,uM,uM,0.01
0.001,1000.0,0.404193443661771,1,d1,d2,cell_line,00-00-0000,uM,uM,0.01
0.01,1000.0,0.4188249175059543,1,d1,d2,cell_line,00-00-0000,uM,uM,0.01
0.1,1000.0,0.40494870053694565,1,d1,d2,cell_line,00-00-0000,uM,uM,0.01
1.0,1000.0,0.3570627954900815,1,d1,d2,cell_line,00-00-0000,uM,uM,0.01
10.0,1000.0,0.1825088555267595,1,d1,d2,cell_line,00-00-0000,uM,uM,0.01
100.0,1000.0,0.04360793068992518,1,d1,d2,cell_line,00-00-0000,uM,uM,0.01
1000.0,1000.0,0.0031796112102343054,1,d1,d2,cell_line,00-00-0000,uM,uM,0.01
0.0,0.0,1.0059070421789438,1,d1,d2,cell_line,00-00-0000,uM,uM,0.01
0.001,0.0,1.0005535866227073,1,d1,d2,cell_line,00-00-0000,uM,uM,0.01
0.01,0.0,0.994355835191799,1,d1,d2,cell_line,00-00-0000,uM,uM,0.01
0.1,0.0,0.9750407999134773,1,d1,d2,cell_line,00-00-0000,uM,uM,0.01
1.0,0.0,0.6999387003895442,1,d1,d2,cell_line,00-00-0000,uM,uM,0.01
10.0,0.0,0.45295300245292186,1,d1,d2,cell_line,00-00-0000,uM,uM,0.01
100.0,0.0,0.40472610730536573,1,d1,d2,cell_line,00-00-0000,uM,uM,0.01
1000.0,0.0,0.39476403343232414,1,d1,d2,cell_line,00-00-0000,uM,uM,0.01
0.0,0.001,1.0093019283477527,1,d1,d2,cell_line,00-00-0000,uM,uM,0.01
0.001,0.001,0.9952598423141501,1,d1,d2,cell_line,00-00-0000,uM,uM,0.01
0.01,0.001,0.9997818328358126,1,d1,d2,cell_line,00-00-0000,uM,uM,0.01
0.1,0.001,0.9473719289549732,1,d1,d2,cell_line,00-00-0000,uM,uM,0.01
1.0,0.001,0.7102046752699629,1,d1,d2,cell_line,00-00-0000,uM,uM,0.01
10.0,0.001,0.4559996876683337,1,d1,d2,cell_line,00-00-0000,uM,uM,0.01
100.0,0.001,0.39015527514498594,1,d1,d2,cell_line,00-00-0000,uM,uM,0.01
1000.0,0.001,0.3834105775145743,1,d1,d2,cell_line,00-00-0000,uM,uM,0.01
0.0,0.01,1.008143097401363,1,d1,d2,cell_line,00-00-0000,uM,uM,0.01
0.001,0.01,0.9873373937013786,1,d1,d2,cell_line,00-00-0000,uM,uM,0.01
0.01,0.01,0.9745628134731591,1,d1,d2,cell_line,00-00-0000,uM,uM,0.01
0.1,0.01,0.9297620189147704,1,d1,d2,cell_line,00-00-0000,uM,uM,0.01
1.0,0.01,0.6940342654879765,1,d1,d2,cell_line,00-00-0000,uM,uM,0.01
10.0,0.01,0.41500488677771097,1,d1,d2,cell_line,00-00-0000,uM,uM,0.01
100.0,0.01,0.3637262930809218,1,d1,d2,cell_line,00-00-0000,uM,uM,0.01
1000.0,0.01,0.3578997749485887,1,d1,d2,cell_line,00-00-0000,uM,uM,0.01
0.0,0.1,0.9329426467198135,1,d1,d2,cell_line,00-00-0000,uM,uM,0.01
0.001,0.1,0.9328241129061379,1,d1,d2,cell_line,00-00-0000,uM,uM,0.01
0.01,0.1,0.9224854711913018,1,d1,d2,cell_line,00-00-0000,uM,uM,0.01
0.1,0.1,0.8704352321943394,1,d1,d2,cell_line,00-00-0000,uM,uM,0.01
1.0,0.1,0.5815098894021273,1,d1,d2,cell_line,00-00-0000,uM,uM,0.01
10.0,0.1,0.3052489218635397,1,d1,d2,cell_line,00-00-0000,uM,uM,0.01
100.0,0.1,0.20426341891198319,1,d1,d2,cell_line,00-00-0000,uM,uM,0.01
1000.0,0.1,0.21488701759293266,1,d1,d2,cell_line,00-00-0000,uM,uM,0.01
0.0,1.0,0.6867092117082784,1,d1,d2,cell_line,00-00-0000,uM,uM,0.01
0.001,1.0,0.7023070162409428,1,d1,d2,cell_line,00-00-0000,uM,uM,0.01
0.01,1.0,0.6845573939641363,1,d1,d2,cell_line,00-00-0000,uM,uM,0.01
0.1,1.0,0.6632413858953109,1,d1,d2,cell_line,00-00-0000,uM,uM,0.01
1.0,1.0,0.45955832355167164,1,d1,d2,cell_line,00-00-0000,uM,uM,0.01
10.0,1.0,0.18250451808467713,1,d1,d2,cell_line,00-00-0000,uM,uM,0.01
100.0,1.0,0.04896712606381952,1,d1,d2,cell_line,00-00-0000,uM,uM,0.01
1000.0,1.0,0.04697909591965614,1,d1,d2,cell_line,00-00-0000,uM,uM,0.01
0.0,10.0,0.4733034600125909,1,d1,d2,cell_line,00-00-0000,uM,uM,0.01
0.001,10.0,0.4586160313542936,1,d1,d2,cell_line,00-00-0000,uM,uM,0.01
0.01,10.0,0.4552889506644808,1,d1,d2,cell_line,00-00-0000,uM,uM,0.01
0.1,10.0,0.45429347849992274,1,d1,d2,cell_line,00-00-0000,uM,uM,0.01
1.0,10.0,0.39153858633770305,1,d1,d2,cell_line,00-00-0000,uM,uM,0.01
10.0,10.0,0.17090980236411038,1,d1,d2,cell_line,00-00-0000,uM,uM,0.01
100.0,10.0,0.03143703848811999,1,d1,d2,cell_line,00-00-0000,uM,uM,0.01
1000.0,10.0,0.013973633823247468,1,d1,d2,cell_line,00-00-0000,uM,uM,0.01
0.0,100.0,0.40450046058460304,1,d1,d2,cell_line,00-00-0000,uM,uM,0.01
0.001,100.0,0.4190624328343626,1,d1,d2,cell_line,00-00-0000,uM,uM,0.01
0.01,100.0,0.3984554369178947,1,d1,d2,cell_line,00-00-0000,uM,uM,0.01
0.1,100.0,0.4090724843011758,1,d1,d2,cell_line,00-00-0000,uM,uM,0.01
1.0,100.0,0.3695171177143348,1,d1,d2,cell_line,00-00-0000,uM,uM,0.01
10.0,100.0,0.1937596701990636,1,d1,d2,cell_line,00-00-0000,uM,uM,0.01
100.0,100.0,0.04733087179525593,1,d1,d2,cell_line,00-00-0000,uM,uM,0.01
1000.0,100.0,0.011131206334900438,1,d1,d2,cell_line,00-00-0000,uM,uM,0.01
0.0,1000.0,0.39054972906557955,1,d1,d2,cell_line,00-00-0000,uM,uM,0.01
0.001,1000.0,0.4069611748446192,1,d1,d2,cell_line,00-00-0000,uM,uM,0.01
0.01,1000.0,0.413945547969844,1,d1,d2,cell_line,00-00-0000,uM,uM,0.01
0.1,1000.0,0.3952936661789871,1,d1,d2,cell_line,00-00-0000,uM,uM,0.01
1.0,1000.0,0.3614007463282316,1,d1,d2,cell_line,00-00-0000,uM,uM,0.01
10.0,1000.0,0.19273290820410383,1,d1,d2,cell_line,00-00-0000,uM,uM,0.01
100.0,1000.0,0.03604502962155549,1,d1,d2,cell_line,00-00-0000,uM,uM,0.01
1000.0,1000.0,0.010847450291192913,1,d1,d2,cell_line,00-00-0000,uM,uM,0.01
0.0,0.0,0.9918233170042126,1,d1,d2,cell_line,00-00-0000,uM,uM,0.01
0.001,0.0,0.9859370237932269,1,d1,d2,cell_line,00-00-0000,uM,uM,0.01
0.01,0.0,0.9903019068307748,1,d1,d2,cell_line,00-00-0000,uM,uM,0.01
0.1,0.0,0.931657295667958,1,d1,d2,cell_line,00-00-0000,uM,uM,0.01
1.0,0.0,0.7052321844128263,1,d1,d2,cell_line,00-00-0000,uM,uM,0.01
10.0,0.0,0.45027855684551654,1,d1,d2,cell_line,00-00-0000,uM,uM,0.01
100.0,0.0,0.3883865756138979,1,d1,d2,cell_line,00-00-0000,uM,uM,0.01
1000.0,0.0,0.3971133254520156,1,d1,d2,cell_line,00-00-0000,uM,uM,0.01
0.0,0.001,0.9974744495426585,1,d1,d2,cell_line,00-00-0000,uM,uM,0.01
0.001,0.001,1.0032887417855607,1,d1,d2,cell_line,00-00-0000,uM,uM,0.01
0.01,0.001,0.9919687703478246,1,d1,d2,cell_line,00-00-0000,uM,uM,0.01
0.1,0.001,0.9632131632252358,1,d1,d2,cell_line,00-00-0000,uM,uM,0.01
1.0,0.001,0.6928277781332486,1,d1,d2,cell_line,00-00-0000,uM,uM,0.01
10.0,0.001,0.45117390621262704,1,d1,d2,cell_line,00-00-0000,uM,uM,0.01
100.0,0.001,0.4012600168118357,1,d1,d2,cell_line,00-00-0000,uM,uM,0.01
1000.0,0.001,0.3938491715210435,1,d1,d2,cell_line,00-00-0000,uM,uM,0.01
0.0,0.01,0.9954836617907235,1,d1,d2,cell_line,00-00-0000,uM,uM,0.01
0.001,0.01,0.9988368147059998,1,d1,d2,cell_line,00-00-0000,uM,uM,0.01
0.01,0.01,1.00116982630642,1,d1,d2,cell_line,00-00-0000,uM,uM,0.01
0.1,0.01,0.9207656436395234,1,d1,d2,cell_line,00-00-0000,uM,uM,0.01
1.0,0.01,0.6762845838802353,1,d1,d2,cell_line,00-00-0000,uM,uM,0.01
10.0,0.01,0.42472930251367363,1,d1,d2,cell_line,00-00-0000,uM,uM,0.01
100.0,0.01,0.381769748092135,1,d1,d2,cell_line,00-00-0000,uM,uM,0.01
1000.0,0.01,0.3610012194258205,1,d1,d2,cell_line,00-00-0000,uM,uM,0.01
0.0,0.1,0.9265027895237522,1,d1,d2,cell_line,00-00-0000,uM,uM,0.01
0.001,0.1,0.9455446909299202,1,d1,d2,cell_line,00-00-0000,uM,uM,0.01
0.01,0.1,0.937329658628529,1,d1,d2,cell_line,00-00-0000,uM,uM,0.01
0.1,0.1,0.8768446219834197,1,d1,d2,cell_line,00-00-0000,uM,uM,0.01
1.0,0.1,0.5746573489097334,1,d1,d2,cell_line,00-00-0000,uM,uM,0.01
10.0,0.1,0.32926465021641776,1,d1,d2,cell_line,00-00-0000,uM,uM,0.01
100.0,0.1,0.21756179946380613,1,d1,d2,cell_line,00-00-0000,uM,uM,0.01
1000.0,0.1,0.20047068953943603,1,d1,d2,cell_line,00-00-0000,uM,uM,0.01
0.0,1.0,0.6909999143019083,1,d1,d2,cell_line,00-00-0000,uM,uM,0.01
0.001,1.0,0.6902166590819668,1,d1,d2,cell_line,00-00-0000,uM,uM,0.01
0.01,1.0,0.6830776902978372,1,d1,d2,cell_line,00-00-0000,uM,uM,0.01
0.1,1.0,0.6526251087100841,1,d1,d2,cell_line,00-00-0000,uM,uM,0.01
1.0,1.0,0.4404241816124337,1,d1,d2,cell_line,00-00-0000,uM,uM,0.01
10.0,1.0,0.21184532736320588,1,d1,d2,cell_line,00-00-0000,uM,uM,0.01
100.0,1.0,0.049319359556922626,1,d1,d2,cell_line,00-00-0000,uM,uM,0.01
1000.0,1.0,0.028737917246442125,1,d1,d2,cell_line,00-00-0000,uM,uM,0.01
0.0,10.0,0.4505313102608844,1,d1,d2,cell_line,00-00-0000,uM,uM,0.01
0.001,10.0,0.4611939987363525,1,d1,d2,cell_line,00-00-0000,uM,uM,0.01
0.01,10.0,0.44954593763588296,1,d1,d2,cell_line,00-00-0000,uM,uM,0.01
0.1,10.0,0.45285550633385063,1,d1,d2,cell_line,00-00-0000,uM,uM,0.01
1.0,10.0,0.3740199989848297,1,d1,d2,cell_line,00-00-0000,uM,uM,0.01
10.0,10.0,0.17979260204066755,1,d1,d2,cell_line,00-00-0000,uM,uM,0.01
100.0,10.0,0.0554689624651948,1,d1,d2,cell_line,00-00-0000,uM,uM,0.01
1000.0,10.0,-0.0018150456343064211,1,d1,d2,cell_line,00-00-0000,uM,uM,0.01
0.0,100.0,0.4101362708183599,1,d1,d2,cell_line,00-00-0000,uM,uM,0.01
0.001,100.0,0.4079656520685597,1,d1,d2,cell_line,00-00-0000,uM,uM,0.01
0.01,100.0,0.3829835085293036,1,d1,d2,cell_line,00-00-0000,uM,uM,0.01
0.1,100.0,0.3956766796677842,1,d1,d2,cell_line,00-00-0000,uM,uM,0.01
1.0,100.0,0.37740225695370244,1,d1,d2,cell_line,00-00-0000,uM,uM,0.01
10.0,100.0,0.1963748225610069,1,d1,d2,cell_line,00-00-0000,uM,uM,0.01
100.0,100.0,0.02344907444794922,1,d1,d2,cell_line,00-00-0000,uM,uM,0.01
1000.0,100.0,0.01123826373538257,1,d1,d2,cell_line,00-00-0000,uM,uM,0.01
0.0,1000.0,0.39580817114625705,1,d1,d2,cell_line,00-00-0000,uM,uM,0.01
0.001,1000.0,0.4041594953212291,1,d1,d2,cell_line,00-00-0000,uM,uM,0.01
0.01,1000.0,0.4039648427992783,1,d1,d2,cell_line,00-00-0000,uM,uM,0.01
0.1,1000.0,0.38541115705737755,1,d1,d2,cell_line,00-00-0000,uM,uM,0.01
1.0,1000.0,0.3717855851794243,1,d1,d2,cell_line,00-00-0000,uM,uM,0.01
10.0,1000.0,0.1893542916681873,1,d1,d2,cell_line,00-00-0000,uM,uM,0.01
100.0,1000.0,0.0231232098148926,1,d1,d2,cell_line,00-00-0000,uM,uM,0.01
1000.0,1000.0,-0.004842846446556557,1,d1,d2,cell_line,00-00-0000,uM,uM,0.01
0.0,0.0,0.9996539099661368,2,d1,d2,cell_line,00-00-0000,uM,uM,0.001
0.001,0.0,0.9995100025570406,2,d1,d2,cell_line,00-00-0000,uM,uM,0.001
0.01,0.0,0.9932868222082216,2,d1,d2,cell_line,00-00-0000,uM,uM,0.001
0.1,0.0,0.9461993647669406,2,d1,d2,cell_line,00-00-0000,uM,uM,0.001
1.0,0.0,0.7002514641840436,2,d1,d2,cell_line,00-00-0000,uM,uM,0.001
10.0,0.0,0.45385065633034904,2,d1,d2,cell_line,00-00-0000,uM,uM,0.001
100.0,0.0,0.40682958697700083,2,d1,d2,cell_line,00-00-0000,uM,uM,0.001
1000.0,0.0,0.4017604689570472,2,d1,d2,cell_line,00-00-0000,uM,uM,0.001
0.0,0.001,0.9993019147037899,2,d1,d2,cell_line,00-00-0000,uM,uM,0.001
0.001,0.001,0.9985824026069997,2,d1,d2,cell_line,00-00-0000,uM,uM,0.001
0.01,0.001,0.9916486344261103,2,d1,d2,cell_line,00-00-0000,uM,uM,0.001
0.1,0.001,0.9441183860644462,2,d1,d2,cell_line,00-00-0000,uM,uM,0.001
1.0,0.001,0.6977233099360732,2,d1,d2,cell_line,00-00-0000,uM,uM,0.001
10.0,0.001,0.4520432711057098,2,d1,d2,cell_line,00-00-0000,uM,uM,0.001
100.0,0.001,0.40212069652283194,2,d1,d2,cell_line,00-00-0000,uM,uM,0.001
1000.0,0.001,0.39691948230325425,2,d1,d2,cell_line,00-00-0000,uM,uM,0.001
0.0,0.01,0.9955934962298979,2,d1,d2,cell_line,00-00-0000,uM,uM,0.001
0.001,0.01,0.9928945876353894,2,d1,d2,cell_line,00-00-0000,uM,uM,0.001
0.01,0.01,0.9872778669884897,2,d1,d2,cell_line,00-00-0000,uM,uM,0.001
0.1,0.01,0.9351490395991654,2,d1,d2,cell_line,00-00-0000,uM,uM,0.001
1.0,0.01,0.6813793521515549,2,d1,d2,cell_line,00-00-0000,uM,uM,0.001
10.0,0.01,0.4301838297496657,2,d1,d2,cell_line,00-00-0000,uM,uM,0.001
100.0,0.01,0.37064017476932554,2,d1,d2,cell_line,00-00-0000,uM,uM,0.001
1000.0,0.01,0.3639019930695345,2,d1,d2,cell_line,00-00-0000,uM,uM,0.001
0.0,0.1,0.9454904859570493,2,d1,d2,cell_line,00-00-0000,uM,uM,0.001
0.001,0.1,0.9455174891747788,2,d1,d2,cell_line,00-00-0000,uM,uM,0.001
0.01,0.1,0.9380494211829652,2,d1,d2,cell_line,00-00-0000,uM,uM,0.001
0.1,0.1,0.8753725699538887,2,d1,d2,cell_line,00-00-0000,uM,uM,0.001
1.0,0.1,0.5848346649335573,2,d1,d2,cell_line,00-00-0000,uM,uM,0.001
10.0,0.1,0.3125561776625915,2,d1,d2,cell_line,00-00-0000,uM,uM,0.001
100.0,0.1,0.22181470118519306,2,d1,d2,cell_line,00-00-0000,uM,uM,0.001
1000.0,0.1,0.2006446663478235,2,d1,d2,cell_line,00-00-0000,uM,uM,0.001
0.0,1.0,0.7007285354008351,2,d1,d2,cell_line,00-00-0000,uM,uM,0.001
0.001,1.0,0.6994279193148474,2,d1,d2,cell_line,00-00-0000,uM,uM,0.001
0.01,1.0,0.6947750710311105,2,d1,d2,cell_line,00-00-0000,uM,uM,0.001
0.1,1.0,0.6541151414420163,2,d1,d2,cell_line,00-00-0000,uM,uM,0.001
1.0,1.0,0.44861964867634574,2,d1,d2,cell_line,00-00-0000,uM,uM,0.001
10.0,1.0,0.19297871294320093,2,d1,d2,cell_line,00-00-0000,uM,uM,0.001
100.0,1.0,0.06751573482832722,2,d1,d2,cell_line,00-00-0000,uM,uM,0.001
1000.0,1.0,0.03893645395700698,2,d1,d2,cell_line,00-00-0000,uM,uM,0.001
0.0,10.0,0.45408902858931094,2,d1,d2,cell_line,00-00-0000,uM,uM,0.001
0.001,10.0,0.4537139387335106,2,d1,d2,cell_line,00-00-0000,uM,uM,0.001
0.01,10.0,0.4538078650823025,2,d1,d2,cell_line,00-00-0000,uM,uM,0.001
0.1,10.0,0.4476128460820675,2,d1,d2,cell_line,00-00-0000,uM,uM,0.001
1.0,10.0,0.3833014219268807,2,d1,d2,cell_line,00-00-0000,uM,uM,0.001
10.0,10.0,0.17935398075227235,2,d1,d2,cell_line,00-00-0000,uM,uM,0.001
100.0,10.0,0.03688131445384623,2,d1,d2,cell_line,00-00-0000,uM,uM,0.001
1000.0,10.0,0.00938256476489489,2,d1,d2,cell_line,00-00-0000,uM,uM,0.001
0.0,100.0,0.4061296375018201,2,d1,d2,cell_line,00-00-0000,uM,uM,0.001
0.001,100.0,0.40481455775243647,2,d1,d2,cell_line,00-00-0000,uM,uM,0.001
0.01,100.0,0.4064031646093169,2,d1,d2,cell_line,00-00-0000,uM,uM,0.001
0.1,100.0,0.4027663727810736,2,d1,d2,cell_line,00-00-0000,uM,uM,0.001
1.0,100.0,0.3662521942640502,2,d1,d2,cell_line,00-00-0000,uM,uM,0.001
10.0,100.0,0.19338464886861914,2,d1,d2,cell_line,00-00-0000,uM,uM,0.001
100.0,100.0,0.03735693289042633,2,d1,d2,cell_line,00-00-0000,uM,uM,0.001
1000.0,100.0,0.004640613526852666,2,d1,d2,cell_line,00-00-0000,uM,uM,0.001
0.0,1000.0,0.40176985489676204,2,d1,d2,cell_line,00-00-0000,uM,uM,0.001
0.001,1000.0,0.4000080948353036,2,d1,d2,cell_line,00-00-0000,uM,uM,0.001
0.01,1000.0,0.3997970177301681,2,d1,d2,cell_line,00-00-0000,uM,uM,0.001
0.1,1000.0,0.3967085661781239,2,d1,d2,cell_line,00-00-0000,uM,uM,0.001
1.0,1000.0,0.3650007065101172,2,d1,d2,cell_line,00-00-0000,uM,uM,0.001
10.0,1000.0,0.19957236970870623,2,d1,d2,cell_line,00-00-0000,uM,uM,0.001
100.0,1000.0,0.03492423466577532,2,d1,d2,cell_line,00-00-0000,uM,uM,0.001
1000.0,1000.0,0.004247432627447155,2,d1,d2,cell_line,00-00-0000,uM,uM,0.001
0.0,0.0,1.0016295341945107,2,d1,d2,cell_line,00-00-0000,uM,uM,0.001
0.001,0.0,0.9994664056830621,2,d1,d2,cell_line,00-00-0000,uM,uM,0.001
0.01,0.0,0.9941887914643706,2,d1,d2,cell_line,00-00-0000,uM,uM,0.001
0.1,0.0,0.9441920017117617,2,d1,d2,cell_line,00-00-0000,uM,uM,0.001
1.0,0.0,0.6985970109122771,2,d1,d2,cell_line,00-00-0000,uM,uM,0.001
10.0,0.0,0.45390776240664127,2,d1,d2,cell_line,00-00-0000,uM,uM,0.001
100.0,0.0,0.40561407641278724,2,d1,d2,cell_line,00-00-0000,uM,uM,0.001
1000.0,0.0,0.400703461334411,2,d1,d2,cell_line,00-00-0000,uM,uM,0.001
0.0,0.001,0.9995665563750736,2,d1,d2,cell_line,00-00-0000,uM,uM,0.001
0.001,0.001,1.0003992933029806,2,d1,d2,cell_line,00-00-0000,uM,uM,0.001
0.01,0.001,0.9934810932178166,2,d1,d2,cell_line,00-00-0000,uM,uM,0.001
0.1,0.001,0.9455903213452486,2,d1,d2,cell_line,00-00-0000,uM,uM,0.001
1.0,0.001,0.6979754873139937,2,d1,d2,cell_line,00-00-0000,uM,uM,0.001
10.0,0.001,0.45324679531007583,2,d1,d2,cell_line,00-00-0000,uM,uM,0.001
100.0,0.001,0.4004187254757152,2,d1,d2,cell_line,00-00-0000,uM,uM,0.001
1000.0,0.001,0.3960767235984353,2,d1,d2,cell_line,00-00-0000,uM,uM,0.001
0.0,0.01,0.9950424393368533,2,d1,d2,cell_line,00-00-0000,uM,uM,0.001
0.001,0.01,0.9932529057287663,2,d1,d2,cell_line,00-00-0000,uM,uM,0.001
0.01,0.01,0.9887003688844436,2,d1,d2,cell_line,00-00-0000,uM,uM,0.001
0.1,0.01,0.9368432710162452,2,d1,d2,cell_line,00-00-0000,uM,uM,0.001
1.0,0.01,0.6823338896020096,2,d1,d2,cell_line,00-00-0000,uM,uM,0.001
10.0,0.01,0.4298200844952249,2,d1,d2,cell_line,00-00-0000,uM,uM,0.001
100.0,0.01,0.3730648940523317,2,d1,d2,cell_line,00-00-0000,uM,uM,0.001
1000.0,0.01,0.36606030542370543,2,d1,d2,cell_line,00-00-0000,uM,uM,0.001
0.0,0.1,0.9464410194732463,2,d1,d2,cell_line,00-00-0000,uM,uM,0.001
0.001,0.1,0.9456611929983909,2,d1,d2,cell_line,00-00-0000,uM,uM,0.001
0.01,0.1,0.9376869697027239,2,d1,d2,cell_line,00-00-0000,uM,uM,0.001
0.1,0.1,0.8744652561158898,2,d1,d2,cell_line,00-00-0000,uM,uM,0.001
1.0,0.1,0.5843994176312559,2,d1,d2,cell_line,00-00-0000,uM,uM,0.001
10.0,0.1,0.3128252480027624,2,d1,d2,cell_line,00-00-0000,uM,uM,0.001
100.0,0.1,0.21836193673761456,2,d1,d2,cell_line,00-00-0000,uM,uM,0.001
1000.0,0.1,0.20104647993606842,2,d1,d2,cell_line,00-00-0000,uM,uM,0.001
0.0,1.0,0.6990367463141212,2,d1,d2,cell_line,00-00-0000,uM,uM,0.001
0.001,1.0,0.6992790577420205,2,d1,d2,cell_line,00-00-0000,uM,uM,0.001
0.01,1.0,0.6926736218585167,2,d1,d2,cell_line,00-00-0000,uM,uM,0.001
0.1,1.0,0.657816938530485,2,d1,d2,cell_line,00-00-0000,uM,uM,0.001
1.0,1.0,0.4506001752363296,2,d1,d2,cell_line,00-00-0000,uM,uM,0.001
10.0,1.0,0.19326523634941223,2,d1,d2,cell_line,00-00-0000,uM,uM,0.001
100.0,1.0,0.06926649782971356,2,d1,d2,cell_line,00-00-0000,uM,uM,0.001
1000.0,1.0,0.04105160205941209,2,d1,d2,cell_line,00-00-0000,uM,uM,0.001
0.0,10.0,0.4567961305764854,2,d1,d2,cell_line,00-00-0000,uM,uM,0.001
0.001,10.0,0.4538881278685118,2,d1,d2,cell_line,00-00-0000,uM,uM,0.001
0.01,10.0,0.4521800480504342,2,d1,d2,cell_line,00-00-0000,uM,uM,0.001
0.1,10.0,0.4458635150073281,2,d1,d2,cell_line,00-00-0000,uM,uM,0.001
1.0,10.0,0.38306304582388573,2,d1,d2,cell_line,00-00-0000,uM,uM,0.001
10.0,10.0,0.17894284534069604,2,d1,d2,cell_line,00-00-0000,uM,uM,0.001
100.0,10.0,0.03697833260482838,2,d1,d2,cell_line,00-00-0000,uM,uM,0.001
1000.0,10.0,0.008430278390142355,2,d1,d2,cell_line,00-00-0000,uM,uM,0.001
0.0,100.0,0.4064535769090047,2,d1,d2,cell_line,00-00-0000,uM,uM,0.001
0.001,100.0,0.40586945428515886,2,d1,d2,cell_line,00-00-0000,uM,uM,0.001
0.01,100.0,0.40581043989256516,2,d1,d2,cell_line,00-00-0000,uM,uM,0.001
0.1,100.0,0.4014243344053618,2,d1,d2,cell_line,00-00-0000,uM,uM,0.001
1.0,100.0,0.3668427715689098,2,d1,d2,cell_line,00-00-0000,uM,uM,0.001
10.0,100.0,0.19509368658564527,2,d1,d2,cell_line,00-00-0000,uM,uM,0.001
100.0,100.0,0.03530631845201409,2,d1,d2,cell_line,00-00-0000,uM,uM,0.001
1000.0,100.0,0.005260075476168851,2,d1,d2,cell_line,00-00-0000,uM,uM,0.001
0.0,1000.0,0.40186022186862735,2,d1,d2,cell_line,00-00-0000,uM,uM,0.001
0.001,1000.0,0.40189644186606194,2,d1,d2,cell_line,00-00-0000,uM,uM,0.001
0.01,1000.0,0.3992053669655825,2,d1,d2,cell_line,00-00-0000,uM,uM,0.001
0.1,1000.0,0.3960636658607916,2,d1,d2,cell_line,00-00-0000,uM,uM,0.001
1.0,1000.0,0.36218580873733364,2,d1,d2,cell_line,00-00-0000,uM,uM,0.001
10.0,1000.0,0.19919081466233546,2,d1,d2,cell_line,00-00-0000,uM,uM,0.001
100.0,1000.0,0.03659719229278663,2,d1,d2,cell_line,00-00-0000,uM,uM,0.001
1000.0,1000.0,0.0038526422561518388,2,d1,d2,cell_line,00-00-0000,uM,uM,0.001
0.0,0.0,1.0019308508670484,2,d1,d2,cell_line,00-00-0000,uM,uM,0.001
0.001,0.0,0.9989947560254879,2,d1,d2,cell_line,00-00-0000,uM,uM,0.001
0.01,0.0,0.9929708973851051,2,d1,d2,cell_line,00-00-0000,uM,uM,0.001
0.1,0.0,0.9460230496612133,2,d1,d2,cell_line,00-00-0000,uM,uM,0.001
1.0,0.0,0.7001499338284981,2,d1,d2,cell_line,00-00-0000,uM,uM,0.001
10.0,0.0,0.4550950971412549,2,d1,d2,cell_line,00-00-0000,uM,uM,0.001
100.0,0.0,0.40624438199019214,2,d1,d2,cell_line,00-00-0000,uM,uM,0.001
1000.0,0.0,0.40084316635993156,2,d1,d2,cell_line,00-00-0000,uM,uM,0.001
0.0,0.001,0.9972783005175568,2,d1,d2,cell_line,00-00-0000,uM,uM,0.001
0.001,0.001,0.9980712716244463,2,d1,d2,cell_line,00-00-0000,uM,uM,0.001
0.01,0.001,0.9928320808614138,2,d1,d2,cell_line,00-00-0000,uM,uM,0.001
0.1,0.001,0.9441779343189027,2,d1,d2,cell_line,00-00-0000,uM,uM,0.001
1.0,0.001,0.6975664250101777,2,d1,d2,cell_line,00-00-0000,uM,uM,0.001
10.0,0.001,0.4522107104601378,2,d1,d2,cell_line,00-00-0000,uM,uM,0.001
100.0,0.001,0.4028900054631544,2,d1,d2,cell_line,00-00-0000,uM,uM,0.001
1000.0,0.001,0.39554381443836256,2,d1,d2,cell_line,00-00-0000,uM,uM,0.001
0.0,0.01,0.9947462103473887,2,d1,d2,cell_line,00-00-0000,uM,uM,0.001
0.001,0.01,0.9940102698726901,2,d1,d2,cell_line,00-00-0000,uM,uM,0.001
0.01,0.01,0.9882346093370938,2,d1,d2,cell_line,00-00-0000,uM,uM,0.001
0.1,0.01,0.9350403104254383,2,d1,d2,cell_line,00-00-0000,uM,uM,0.001
1.0,0.01,0.6818285949185855,2,d1,d2,cell_line,00-00-0000,uM,uM,0.001
10.0,0.01,0.42928961218673234,2,d1,d2,cell_line,00-00-0000,uM,uM,0.001
100.0,0.01,0.37335212519373173,2,d1,d2,cell_line,00-00-0000,uM,uM,0.001
1000.0,0.01,0.3663522068318552,2,d1,d2,cell_line,00-00-0000,uM,uM,0.001
0.0,0.1,0.9470426133401397,2,d1,d2,cell_line,00-00-0000,uM,uM,0.001
0.001,0.1,0.9447800304634943,2,d1,d2,cell_line,00-00-0000,uM,uM,0.001
0.01,0.1,0.9376646762522126,2,d1,d2,cell_line,00-00-0000,uM,uM,0.001
0.1,0.1,0.875679054609716,2,d1,d2,cell_line,00-00-0000,uM,uM,0.001
1.0,0.1,0.5839439377661088,2,d1,d2,cell_line,00-00-0000,uM,uM,0.001
10.0,0.1,0.31062362026396795,2,d1,d2,cell_line,00-00-0000,uM,uM,0.001
100.0,0.1,0.22032786670963458,2,d1,d2,cell_line,00-00-0000,uM,uM,0.001
1000.0,0.1,0.20357422703808722,2,d1,d2,cell_line,00-00-0000,uM,uM,0.001
0.0,1.0,0.6996688717017174,2,d1,d2,cell_line,00-00-0000,uM,uM,0.001
0.001,1.0,0.7010292600265235,2,d1,d2,cell_line,00-00-0000,uM,uM,0.001
0.01,1.0,0.69251694701224,2,d1,d2,cell_line,00-00-0000,uM,uM,0.001
0.1,1.0,0.654971010801108,2,d1,d2,cell_line,00-00-0000,uM,uM,0.001
1.0,1.0,0.44987631126714434,2,d1,d2,cell_line,00-00-0000,uM,uM,0.001
10.0,1.0,0.19216884849229454,2,d1,d2,cell_line,00-00-0000,uM,uM,0.001
100.0,1.0,0.06813466026207068,2,d1,d2,cell_line,00-00-0000,uM,uM,0.001
1000.0,1.0,0.039925569983766764,2,d1,d2,cell_line,00-00-0000,uM,uM,0.001
0.0,10.0,0.45442371305019746,2,d1,d2,cell_line,00-00-0000,uM,uM,0.001
0.001,10.0,0.45269618822096813,2,d1,d2,cell_line,00-00-0000,uM,uM,0.001
0.01,10.0,0.45484157532412345,2,d1,d2,cell_line,00-00-0000,uM,uM,0.001
0.1,10.0,0.4454131076839835,2,d1,d2,cell_line,00-00-0000,uM,uM,0.001
1.0,10.0,0.38497757053494736,2,d1,d2,cell_line,00-00-0000,uM,uM,0.001
10.0,10.0,0.17912916728375813,2,d1,d2,cell_line,00-00-0000,uM,uM,0.001
100.0,10.0,0.03909671198241555,2,d1,d2,cell_line,00-00-0000,uM,uM,0.001
1000.0,10.0,0.008205656303665924,2,d1,d2,cell_line,00-00-0000,uM,uM,0.001
0.0,100.0,0.40583391956884773,2,d1,d2,cell_line,00-00-0000,uM,uM,0.001
0.001,100.0,0.4061226385227958,2,d1,d2,cell_line,00-00-0000,uM,uM,0.001
0.01,100.0,0.4040258807800707,2,d1,d2,cell_line,00-00-0000,uM,uM,0.001
0.1,100.0,0.401572414459662,2,d1,d2,cell_line,00-00-0000,uM,uM,0.001
1.0,100.0,0.3678067782227547,2,d1,d2,cell_line,00-00-0000,uM,uM,0.001
10.0,100.0,0.19633223940014863,2,d1,d2,cell_line,00-00-0000,uM,uM,0.001
100.0,100.0,0.03458674049421179,2,d1,d2,cell_line,00-00-0000,uM,uM,0.001
1000.0,100.0,0.004836176857564063,2,d1,d2,cell_line,00-00-0000,uM,uM,0.001
0.0,1000.0,0.40084738048414814,2,d1,d2,cell_line,00-00-0000,uM,uM,0.001
0.001,1000.0,0.4013761763205381,2,d1,d2,cell_line,00-00-0000,uM,uM,0.001
0.01,1000.0,0.40028979454042424,2,d1,d2,cell_line,00-00-0000,uM,uM,0.001
0.1,1000.0,0.3963646090757032,2,d1,d2,cell_line,00-00-0000,uM,uM,0.001
1.0,1000.0,0.36521793560844196,2,d1,d2,cell_line,00-00-0000,uM,uM,0.001
10.0,1000.0,0.19964577624881108,2,d1,d2,cell_line,00-00-0000,uM,uM,0.001
100.0,1000.0,0.037436532800255315,2,d1,d2,cell_line,00-00-0000,uM,uM,0.001
1000.0,1000.0,0.0049598296340083075,2,d1,d2,cell_line,00-00-0000,uM,uM,0.001
